Owner;Name;Type
java.nio.ByteOrder;BIG_ENDIAN;java.nio.ByteOrder
java.lang.String;CASE_INSENSITIVE_ORDER;java.util.Comparator<java.lang.String>
java.time.format.DateTimeFormatter;ISO_WEEK_DATE;java.time.format.DateTimeFormatter
java.time.format.DateTimeFormatter;ISO_DATE_TIME;java.time.format.DateTimeFormatter
java.time.format.DateTimeFormatter;ISO_LOCAL_DATE;java.time.format.DateTimeFormatter
java.util.jar.Attributes$Name;SIGNATURE_VERSION;java.util.jar.Attributes$Name
java.lang.System;err;java.io.PrintStream
java.util.Locale;CANADA;java.util.Locale
java.util.Locale;SIMPLIFIED_CHINESE;java.util.Locale
java.time.format.DateTimeFormatter;ISO_OFFSET_TIME;java.time.format.DateTimeFormatter
java.time.LocalTime;NOON;java.time.LocalTime
java.nio.charset.CoderResult;OVERFLOW;java.nio.charset.CoderResult
java.util.jar.Attributes$Name;SPECIFICATION_VENDOR;java.util.jar.Attributes$Name
java.net.Proxy;NO_PROXY;java.net.Proxy
java.util.jar.Attributes$Name;CONTENT_TYPE;java.util.jar.Attributes$Name
java.util.Locale;CANADA_FRENCH;java.util.Locale
java.util.jar.Attributes$Name;SPECIFICATION_TITLE;java.util.jar.Attributes$Name
java.util.Locale;TAIWAN;java.util.Locale
java.math.BigInteger;ZERO;java.math.BigInteger
java.time.format.DateTimeFormatter;ISO_TIME;java.time.format.DateTimeFormatter
java.util.Locale;JAPANESE;java.util.Locale
java.time.format.DateTimeFormatter;BASIC_ISO_DATE;java.time.format.DateTimeFormatter
java.math.BigInteger;ONE;java.math.BigInteger
java.util.Locale;ITALY;java.util.Locale
java.nio.charset.CodingErrorAction;IGNORE;java.nio.charset.CodingErrorAction
java.time.OffsetTime;MAX;java.time.OffsetTime
java.nio.channels.FileChannel$MapMode;READ_WRITE;java.nio.channels.FileChannel$MapMode
java.util.ResourceBundle$Control;FORMAT_CLASS;java.util.List<java.lang.String>
java.util.jar.Attributes$Name;EXTENSION_NAME;java.util.jar.Attributes$Name
java.util.Locale;FRENCH;java.util.Locale
java.time.format.DateTimeFormatter;ISO_INSTANT;java.time.format.DateTimeFormatter
java.util.jar.Attributes$Name;SPECIFICATION_VERSION;java.util.jar.Attributes$Name
java.io.FileDescriptor;err;java.io.FileDescriptor
java.util.jar.Attributes$Name;IMPLEMENTATION_VENDOR;java.util.jar.Attributes$Name
sun.util.locale.LocaleExtensions;CALENDAR_JAPANESE;sun.util.locale.LocaleExtensions
java.text.AttributedCharacterIterator$Attribute;LANGUAGE;java.text.AttributedCharacterIterator$Attribute
java.util.jar.Attributes$Name;SEALED;java.util.jar.Attributes$Name
java.time.Instant;MIN;java.time.Instant
java.io.FileDescriptor;in;java.io.FileDescriptor
java.nio.charset.CodingErrorAction;REPORT;java.nio.charset.CodingErrorAction
java.time.format.DateTimeFormatter;ISO_LOCAL_DATE_TIME;java.time.format.DateTimeFormatter
java.time.format.DateTimeFormatter;ISO_LOCAL_TIME;java.time.format.DateTimeFormatter
java.util.Locale;KOREA;java.util.Locale
java.nio.channels.FileChannel$MapMode;READ_ONLY;java.nio.channels.FileChannel$MapMode
java.text.AttributedCharacterIterator$Attribute;INPUT_METHOD_SEGMENT;java.text.AttributedCharacterIterator$Attribute
java.util.Locale;PRC;java.util.Locale
java.time.format.DateTimeFormatter;ISO_ZONED_DATE_TIME;java.time.format.DateTimeFormatter
java.util.jar.Attributes$Name;IMPLEMENTATION_VENDOR_ID;java.util.jar.Attributes$Name
java.time.format.DateTimeFormatter;ISO_OFFSET_DATE;java.time.format.DateTimeFormatter
java.time.Instant;EPOCH;java.time.Instant
java.time.ZoneId;SHORT_IDS;java.util.Map<java.lang.String, java.lang.String>
java.util.jar.Attributes$Name;MANIFEST_VERSION;java.util.jar.Attributes$Name
java.util.jar.Attributes$Name;EXTENSION_INSTALLATION;java.util.jar.Attributes$Name
java.util.Locale;CHINESE;java.util.Locale
java.time.LocalTime;MIN;java.time.LocalTime
java.util.ResourceBundle$Control;FORMAT_DEFAULT;java.util.List<java.lang.String>
java.lang.Boolean;TRUE;java.lang.Boolean
java.time.OffsetDateTime;MIN;java.time.OffsetDateTime
java.util.Locale;GERMAN;java.util.Locale
java.util.Locale;ITALIAN;java.util.Locale
java.time.OffsetTime;MIN;java.time.OffsetTime
java.math.BigInteger;TEN;java.math.BigInteger
java.time.format.DecimalStyle;STANDARD;java.time.format.DecimalStyle
java.util.Locale;KOREAN;java.util.Locale
java.time.LocalDateTime;MIN;java.time.LocalDateTime
java.time.ZoneOffset;UTC;java.time.ZoneOffset
java.util.jar.Attributes$Name;MULTI_RELEASE;java.util.jar.Attributes$Name
java.util.jar.Attributes$Name;MAIN_CLASS;java.util.jar.Attributes$Name
java.util.Locale;GERMANY;java.util.Locale
java.time.format.DateTimeFormatter;RFC_1123_DATE_TIME;java.time.format.DateTimeFormatter
java.math.BigInteger;TWO;java.math.BigInteger
java.lang.System;in;java.io.InputStream
java.time.LocalDate;MAX;java.time.LocalDate
java.time.LocalTime;MAX;java.time.LocalTime
java.util.Locale;TRADITIONAL_CHINESE;java.util.Locale
java.time.LocalDateTime;MAX;java.time.LocalDateTime
java.util.Locale;UK;java.util.Locale
java.time.format.DateTimeFormatter;ISO_ORDINAL_DATE;java.time.format.DateTimeFormatter
java.time.ZoneOffset;MIN;java.time.ZoneOffset
java.nio.charset.CodingErrorAction;REPLACE;java.nio.charset.CodingErrorAction
java.time.format.DateTimeFormatter;ISO_OFFSET_DATE_TIME;java.time.format.DateTimeFormatter
java.lang.System;out;java.io.PrintStream
java.time.OffsetDateTime;MAX;java.time.OffsetDateTime
java.time.Period;ZERO;java.time.Period
java.time.Instant;MAX;java.time.Instant
java.time.ZoneOffset;MAX;java.time.ZoneOffset
java.util.Locale;ROOT;java.util.Locale
java.lang.Boolean;FALSE;java.lang.Boolean
java.util.jar.Attributes$Name;EXTENSION_LIST;java.util.jar.Attributes$Name
java.util.ResourceBundle$Control;FORMAT_PROPERTIES;java.util.List<java.lang.String>
java.time.Duration;ZERO;java.time.Duration
java.time.format.DateTimeFormatter;ISO_DATE;java.time.format.DateTimeFormatter
java.nio.ByteOrder;LITTLE_ENDIAN;java.nio.ByteOrder
java.time.LocalTime;MIDNIGHT;java.time.LocalTime
java.util.jar.Attributes$Name;IMPLEMENTATION_VERSION;java.util.jar.Attributes$Name
java.util.jar.Attributes$Name;IMPLEMENTATION_TITLE;java.util.jar.Attributes$Name
java.nio.charset.CoderResult;UNDERFLOW;java.nio.charset.CoderResult
java.util.Locale;ENGLISH;java.util.Locale
java.util.Locale;JAPAN;java.util.Locale
java.text.AttributedCharacterIterator$Attribute;READING;java.text.AttributedCharacterIterator$Attribute
java.util.Locale;FRANCE;java.util.Locale
java.util.Locale;US;java.util.Locale
java.nio.channels.FileChannel$MapMode;PRIVATE;java.nio.channels.FileChannel$MapMode
java.util.Locale;CHINA;java.util.Locale
sun.util.locale.LocaleExtensions;NUMBER_THAI;sun.util.locale.LocaleExtensions
java.util.jar.Attributes$Name;IMPLEMENTATION_URL;java.util.jar.Attributes$Name
java.io.FileDescriptor;out;java.io.FileDescriptor
java.time.chrono.IsoChronology;INSTANCE;java.time.chrono.IsoChronology
java.time.LocalDate;EPOCH;java.time.LocalDate
java.time.LocalDate;MIN;java.time.LocalDate
java.util.jar.Attributes$Name;CLASS_PATH;java.util.jar.Attributes$Name
