Owner;Name;Type;Final;Mutability;Array;Access
java.text.NumberFormat$Field;EXPONENT_SYMBOL;java.text.NumberFormat$Field;true;unknown;false;public
java.math.MathContext;DECIMAL128;java.math.MathContext;true;unknown;false;public
sun.security.x509.AlgorithmId;sha512WithRSAEncryption_oid;sun.security.util.ObjectIdentifier;true;unknown;false;public
sun.util.locale.provider.LocaleProviderAdapter$Type;JRE;sun.util.locale.provider.LocaleProviderAdapter$Type;true;unknown;false;public
java.security.cert.CRLReason;REMOVE_FROM_CRL;java.security.cert.CRLReason;true;unknown;false;public
java.time.temporal.ChronoUnit;MILLENNIA;java.time.temporal.ChronoUnit;true;unknown;false;public
java.time.chrono.MinguoEra;BEFORE_ROC;java.time.chrono.MinguoEra;true;unknown;false;public
java.util.concurrent.TimeUnit;MICROSECONDS;java.util.concurrent.TimeUnit;true;unknown;false;public
jdk.internal.org.objectweb.asm.tree.analysis.BasicValue;LONG_VALUE;jdk.internal.org.objectweb.asm.tree.analysis.BasicValue;true;unknown;false;public
sun.net.ftp.FtpReplyCode;FILE_NAME_NOT_ALLOWED;sun.net.ftp.FtpReplyCode;true;unknown;false;public
sun.security.x509.AlgorithmId;RSA_oid;sun.security.util.ObjectIdentifier;true;unknown;false;public
sun.net.ftp.FtpReplyCode;FILE_STATUS;sun.net.ftp.FtpReplyCode;true;unknown;false;public
java.time.format.TextStyle;NARROW_STANDALONE;java.time.format.TextStyle;true;unknown;false;public
sun.net.ProgressSource$State;NEW;sun.net.ProgressSource$State;true;unknown;false;public
jdk.internal.reflect.ConstantPool$Tag;FLOAT;jdk.internal.reflect.ConstantPool$Tag;true;unknown;false;public
sun.security.provider.certpath.OCSP$RevocationStatus$CertStatus;GOOD;sun.security.provider.certpath.OCSP$RevocationStatus$CertStatus;true;unknown;false;public
java.time.temporal.ChronoField;DAY_OF_YEAR;java.time.temporal.ChronoField;true;unknown;false;public
java.time.chrono.JapaneseEra;TAISHO;java.time.chrono.JapaneseEra;true;unknown;false;public
java.time.chrono.HijrahChronology;INSTANCE;java.time.chrono.HijrahChronology;true;unknown;false;public
sun.security.x509.X500Name;GIVENNAME_OID;sun.security.util.ObjectIdentifier;true;unknown;false;public
java.time.Month;JULY;java.time.Month;true;unknown;false;public
java.text.DateFormat$Field;YEAR;java.text.DateFormat$Field;true;unknown;false;public
java.lang.Long;TYPE;java.lang.Class<java.lang.Long>;true;unknown;false;public
java.time.chrono.JapaneseEra;SHOWA;java.time.chrono.JapaneseEra;true;unknown;false;public
jdk.internal.reflect.ConstantPool$Tag;UTF8;jdk.internal.reflect.ConstantPool$Tag;true;unknown;false;public
sun.security.provider.certpath.OCSPResponse$ResponseStatus;UNUSED;sun.security.provider.certpath.OCSPResponse$ResponseStatus;true;unknown;false;public
java.util.jar.Attributes$Name;IMPLEMENTATION_URL;java.util.jar.Attributes$Name;true;unknown;false;public
sun.security.x509.AlgorithmId;specifiedWithECDSA_oid;sun.security.util.ObjectIdentifier;true;unknown;false;public
java.time.Month;SEPTEMBER;java.time.Month;true;unknown;false;public
java.time.temporal.ChronoField;YEAR;java.time.temporal.ChronoField;true;unknown;false;public
java.lang.module.ModuleDescriptor$Requires$Modifier;STATIC;java.lang.module.ModuleDescriptor$Requires$Modifier;true;unknown;false;public
sun.security.x509.AlgorithmId;sha256WithDSA_oid;sun.security.util.ObjectIdentifier;true;unknown;false;public
java.time.temporal.ChronoField;SECOND_OF_DAY;java.time.temporal.ChronoField;true;unknown;false;public
sun.security.x509.X500Name;stateName_oid;sun.security.util.ObjectIdentifier;true;unknown;false;public
java.time.LocalTime;MAX;java.time.LocalTime;true;unknown;false;public
java.time.chrono.ThaiBuddhistChronology;INSTANCE;java.time.chrono.ThaiBuddhistChronology;true;unknown;false;public
java.time.LocalDate;MIN;java.time.LocalDate;true;unknown;false;public
java.time.Duration;ZERO;java.time.Duration;true;unknown;false;public
jdk.internal.org.objectweb.asm.Type;DOUBLE_TYPE;jdk.internal.org.objectweb.asm.Type;true;unknown;false;public
java.util.Locale$FilteringMode;REJECT_EXTENDED_RANGES;java.util.Locale$FilteringMode;true;unknown;false;public
sun.net.ftp.FtpReplyCode;UNKNOWN_ERROR;sun.net.ftp.FtpReplyCode;true;unknown;false;public
sun.security.x509.AlgorithmId;pbeWithSHA1AndDESede_oid;sun.security.util.ObjectIdentifier;false;unknown;false;public
jdk.internal.reflect.ConstantPool$Tag;NAMEANDTYPE;jdk.internal.reflect.ConstantPool$Tag;true;unknown;false;public
sun.security.x509.AlgorithmId;pbeWithSHA1AndRC2_oid;sun.security.util.ObjectIdentifier;true;unknown;false;public
sun.security.x509.X500Name;GENERATIONQUALIFIER_OID;sun.security.util.ObjectIdentifier;true;unknown;false;public
java.time.temporal.ChronoField;MILLI_OF_SECOND;java.time.temporal.ChronoField;true;unknown;false;public
java.text.DateFormat$Field;ERA;java.text.DateFormat$Field;true;unknown;false;public
sun.net.ProgressSource$State;DELETE;sun.net.ProgressSource$State;true;unknown;false;public
sun.net.www.protocol.http.AuthCacheValue$Type;Proxy;sun.net.www.protocol.http.AuthCacheValue$Type;true;unknown;false;public
java.time.Month;MARCH;java.time.Month;true;unknown;false;public
sun.security.x509.X500Name;SERIALNUMBER_OID;sun.security.util.ObjectIdentifier;true;unknown;false;public
java.time.LocalDateTime;MAX;java.time.LocalDateTime;true;unknown;false;public
java.security.spec.RSAKeyGenParameterSpec;F4;java.math.BigInteger;true;unknown;false;public
sun.net.ftp.FtpReplyCode;LOGGED_IN;sun.net.ftp.FtpReplyCode;true;unknown;false;public
java.util.Locale;ENGLISH;java.util.Locale;true;unknown;false;public
sun.security.x509.X500Name;countryName_oid;sun.security.util.ObjectIdentifier;true;unknown;false;public
jdk.internal.org.objectweb.asm.Type;BOOLEAN_TYPE;jdk.internal.org.objectweb.asm.Type;true;unknown;false;public
java.util.Locale;KOREA;java.util.Locale;true;unknown;false;public
javax.net.ssl.SSLEngineResult$Status;CLOSED;javax.net.ssl.SSLEngineResult$Status;true;unknown;false;public
java.util.Locale$Category;DISPLAY;java.util.Locale$Category;true;unknown;false;public
java.lang.module.ModuleDescriptor$Requires$Modifier;SYNTHETIC;java.lang.module.ModuleDescriptor$Requires$Modifier;true;unknown;false;public
java.time.zone.ZoneOffsetTransitionRule$TimeDefinition;WALL;java.time.zone.ZoneOffsetTransitionRule$TimeDefinition;true;unknown;false;public
java.lang.invoke.VarHandle$AccessMode;GET_OPAQUE;java.lang.invoke.VarHandle$AccessMode;true;unknown;false;public
java.lang.Thread$State;BLOCKED;java.lang.Thread$State;true;unknown;false;public
java.text.NumberFormat$Field;DECIMAL_SEPARATOR;java.text.NumberFormat$Field;true;unknown;false;public
sun.security.provider.certpath.OCSPResponse$ResponseStatus;UNAUTHORIZED;sun.security.provider.certpath.OCSPResponse$ResponseStatus;true;unknown;false;public
sun.util.logging.PlatformLogger$Level;OFF;sun.util.logging.PlatformLogger$Level;true;unknown;false;public
jdk.internal.org.objectweb.asm.tree.analysis.BasicValue;INT_VALUE;jdk.internal.org.objectweb.asm.tree.analysis.BasicValue;true;unknown;false;public
java.text.DateFormat$Field;DAY_OF_WEEK;java.text.DateFormat$Field;true;unknown;false;public
sun.security.x509.AlgorithmId;md2WithRSAEncryption_oid;sun.security.util.ObjectIdentifier;true;unknown;false;public
java.time.LocalDate;MAX;java.time.LocalDate;true;unknown;false;public
java.lang.System$Logger$Level;TRACE;java.lang.System$Logger$Level;true;unknown;false;public
java.math.BigDecimal;ZERO;java.math.BigDecimal;true;unknown;false;public
sun.security.x509.AlgorithmId;SHA224_oid;sun.security.util.ObjectIdentifier;true;unknown;false;public
sun.security.x509.AlgorithmId;sha224WithDSA_oid;sun.security.util.ObjectIdentifier;true;unknown;false;public
javax.net.ssl.SSLEngineResult$Status;BUFFER_UNDERFLOW;javax.net.ssl.SSLEngineResult$Status;true;unknown;false;public
sun.security.x509.InhibitAnyPolicyExtension;AnyPolicy_Id;sun.security.util.ObjectIdentifier;false;unknown;false;public
sun.security.x509.AlgorithmId;sha384WithRSAEncryption_oid;sun.security.util.ObjectIdentifier;true;unknown;false;public
jdk.internal.reflect.ConstantPool$Tag;DOUBLE;jdk.internal.reflect.ConstantPool$Tag;true;unknown;false;public
java.time.chrono.IsoEra;BCE;java.time.chrono.IsoEra;true;unknown;false;public
java.time.format.FormatStyle;FULL;java.time.format.FormatStyle;true;unknown;false;public
java.time.ZoneOffset;MAX;java.time.ZoneOffset;true;unknown;false;public
sun.security.x509.AlgorithmId;SHA384_oid;sun.security.util.ObjectIdentifier;true;unknown;false;public
sun.security.x509.X500Name;orgName_oid;sun.security.util.ObjectIdentifier;true;unknown;false;public
java.time.LocalDate;EPOCH;java.time.LocalDate;true;unknown;false;public
java.lang.Boolean;TRUE;java.lang.Boolean;true;unknown;false;public
sun.security.provider.certpath.ResponderId$Type;BY_NAME;sun.security.provider.certpath.ResponderId$Type;true;unknown;false;public
java.time.LocalTime;MIDNIGHT;java.time.LocalTime;true;unknown;false;public
sun.net.www.protocol.http.AuthCacheValue$Type;Server;sun.net.www.protocol.http.AuthCacheValue$Type;true;unknown;false;public
sun.security.x509.X500Name;DNQUALIFIER_OID;sun.security.util.ObjectIdentifier;true;unknown;false;public
sun.security.validator.ValidatorException;T_CA_EXTENSIONS;java.lang.Object;true;unknown;false;public
java.lang.Boolean;FALSE;java.lang.Boolean;true;unknown;false;public
sun.security.x509.AlgorithmId;SHA512_oid;sun.security.util.ObjectIdentifier;true;unknown;false;public
java.lang.System$Logger$Level;DEBUG;java.lang.System$Logger$Level;true;unknown;false;public
java.text.MessageFormat$Field;ARGUMENT;java.text.MessageFormat$Field;true;unknown;false;public
java.lang.invoke.VarHandle$AccessMode;SET;java.lang.invoke.VarHandle$AccessMode;true;unknown;false;public
java.security.cert.CRLReason;CESSATION_OF_OPERATION;java.security.cert.CRLReason;true;unknown;false;public
sun.net.ftp.FtpDirEntry$Permission;OTHERS;sun.net.ftp.FtpDirEntry$Permission;true;unknown;false;public
java.lang.invoke.VarHandle$AccessMode;COMPARE_AND_SET;java.lang.invoke.VarHandle$AccessMode;true;unknown;false;public
java.util.Locale;CHINA;java.util.Locale;true;unknown;false;public
java.text.DateFormat$Field;DAY_OF_WEEK_IN_MONTH;java.text.DateFormat$Field;true;unknown;false;public
java.time.format.DateTimeFormatter;ISO_LOCAL_DATE_TIME;java.time.format.DateTimeFormatter;true;unknown;false;public
java.lang.module.ModuleDescriptor$Opens$Modifier;MANDATED;java.lang.module.ModuleDescriptor$Opens$Modifier;true;unknown;false;public
java.text.NumberFormat$Field;EXPONENT_SIGN;java.text.NumberFormat$Field;true;unknown;false;public
sun.net.ftp.FtpReplyCode;SECURITY_EXCHANGE_OK;sun.net.ftp.FtpReplyCode;true;unknown;false;public
java.security.cert.CRLReason;CERTIFICATE_HOLD;java.security.cert.CRLReason;true;unknown;false;public
java.time.OffsetTime;MAX;java.time.OffsetTime;true;unknown;false;public
java.time.temporal.ChronoField;CLOCK_HOUR_OF_DAY;java.time.temporal.ChronoField;true;unknown;false;public
java.time.temporal.ChronoUnit;CENTURIES;java.time.temporal.ChronoUnit;true;unknown;false;public
java.security.cert.CRLReason;AA_COMPROMISE;java.security.cert.CRLReason;true;unknown;false;public
jdk.internal.org.objectweb.asm.tree.analysis.BasicValue;FLOAT_VALUE;jdk.internal.org.objectweb.asm.tree.analysis.BasicValue;true;unknown;false;public
sun.util.logging.PlatformLogger$Level;SEVERE;sun.util.logging.PlatformLogger$Level;true;unknown;false;public
java.time.temporal.ChronoField;OFFSET_SECONDS;java.time.temporal.ChronoField;true;unknown;false;public
java.lang.invoke.VarHandle$AccessMode;SET_OPAQUE;java.lang.invoke.VarHandle$AccessMode;true;unknown;false;public
sun.net.ftp.FtpReplyCode;NOT_IMPLEMENTED_FOR_PARAMETER;sun.net.ftp.FtpReplyCode;true;unknown;false;public
java.time.format.TextStyle;FULL_STANDALONE;java.time.format.TextStyle;true;unknown;false;public
sun.security.x509.AlgorithmId;EC_oid;sun.security.util.ObjectIdentifier;true;unknown;false;public
java.lang.module.ModuleDescriptor$Requires$Modifier;MANDATED;java.lang.module.ModuleDescriptor$Requires$Modifier;true;unknown;false;public
java.net.Proxy$Type;HTTP;java.net.Proxy$Type;true;unknown;false;public
sun.security.x509.AlgorithmId;SHA256_oid;sun.security.util.ObjectIdentifier;true;unknown;false;public
java.security.spec.NamedParameterSpec;X448;java.security.spec.NamedParameterSpec;true;unknown;false;public
java.nio.charset.CodingErrorAction;REPLACE;java.nio.charset.CodingErrorAction;true;unknown;false;public
jdk.internal.reflect.ConstantPool$Tag;LONG;jdk.internal.reflect.ConstantPool$Tag;true;unknown;false;public
sun.nio.cs.ISO_8859_1;INSTANCE;sun.nio.cs.ISO_8859_1;true;unknown;false;public
java.security.CryptoPrimitive;BLOCK_CIPHER;java.security.CryptoPrimitive;true;unknown;false;public
sun.net.www.protocol.http.HttpURLConnection$TunnelState;NONE;sun.net.www.protocol.http.HttpURLConnection$TunnelState;true;unknown;false;public
sun.security.x509.X500Name;DOMAIN_COMPONENT_OID;sun.security.util.ObjectIdentifier;true;unknown;false;public
sun.net.ftp.FtpReplyCode;SYSTEM_STATUS;sun.net.ftp.FtpReplyCode;true;unknown;false;public
java.lang.module.ModuleDescriptor$Opens$Modifier;SYNTHETIC;java.lang.module.ModuleDescriptor$Opens$Modifier;true;unknown;false;public
java.time.OffsetDateTime;MAX;java.time.OffsetDateTime;true;unknown;false;public
java.security.cert.CRLReason;CA_COMPROMISE;java.security.cert.CRLReason;true;unknown;false;public
sun.net.ftp.FtpReplyCode;PROTECTED_REPLY;sun.net.ftp.FtpReplyCode;true;unknown;false;public
sun.security.x509.AlgorithmId;pbeWithMD5AndDES_oid;sun.security.util.ObjectIdentifier;true;unknown;false;public
sun.net.ftp.FtpReplyCode;NEED_ACCOUNT;sun.net.ftp.FtpReplyCode;true;unknown;false;public
jdk.internal.reflect.ConstantPool$Tag;STRING;jdk.internal.reflect.ConstantPool$Tag;true;unknown;false;public
java.nio.charset.CodingErrorAction;IGNORE;java.nio.charset.CodingErrorAction;true;unknown;false;public
sun.net.ProgressSource$State;CONNECTED;sun.net.ProgressSource$State;true;unknown;false;public
sun.security.x509.AlgorithmId;MD2_oid;sun.security.util.ObjectIdentifier;true;unknown;false;public
java.text.AttributedCharacterIterator$Attribute;INPUT_METHOD_SEGMENT;java.text.AttributedCharacterIterator$Attribute;true;unknown;false;public
java.util.stream.Collector$Characteristics;UNORDERED;java.util.stream.Collector$Characteristics;true;unknown;false;public
java.lang.invoke.VarHandle$AccessMode;WEAK_COMPARE_AND_SET_RELEASE;java.lang.invoke.VarHandle$AccessMode;true;unknown;false;public
java.lang.invoke.VarHandle$AccessMode;GET_AND_BITWISE_OR_RELEASE;java.lang.invoke.VarHandle$AccessMode;true;unknown;false;public
java.time.Month;APRIL;java.time.Month;true;unknown;false;public
jdk.internal.org.objectweb.asm.tree.analysis.BasicValue;UNINITIALIZED_VALUE;jdk.internal.org.objectweb.asm.tree.analysis.BasicValue;true;unknown;false;public
java.nio.file.attribute.PosixFilePermission;OWNER_READ;java.nio.file.attribute.PosixFilePermission;true;unknown;false;public
java.lang.invoke.VarHandle$AccessMode;GET_AND_BITWISE_XOR;java.lang.invoke.VarHandle$AccessMode;true;unknown;false;public
java.security.cert.CRLReason;PRIVILEGE_WITHDRAWN;java.security.cert.CRLReason;true;unknown;false;public
java.time.temporal.ChronoUnit;NANOS;java.time.temporal.ChronoUnit;true;unknown;false;public
java.lang.Void;TYPE;java.lang.Class<java.lang.Void>;true;unknown;false;public
java.time.DayOfWeek;TUESDAY;java.time.DayOfWeek;true;unknown;false;public
java.io.ObjectInputFilter$Status;REJECTED;java.io.ObjectInputFilter$Status;true;unknown;false;public
java.time.temporal.ChronoField;DAY_OF_MONTH;java.time.temporal.ChronoField;true;unknown;false;public
sun.security.pkcs.PKCS8Key;version;java.math.BigInteger;true;unknown;false;public
java.math.MathContext;DECIMAL64;java.math.MathContext;true;unknown;false;public
java.nio.ByteOrder;LITTLE_ENDIAN;java.nio.ByteOrder;true;unknown;false;public
java.util.Locale;JAPANESE;java.util.Locale;true;unknown;false;public
sun.net.ftp.FtpReplyCode;NEED_MORE_ADAT;sun.net.ftp.FtpReplyCode;true;unknown;false;public
java.util.Locale;JAPAN;java.util.Locale;true;unknown;false;public
java.util.Locale$Category;FORMAT;java.util.Locale$Category;true;unknown;false;public
sun.net.ftp.FtpReplyCode;PATHNAME_CREATED;sun.net.ftp.FtpReplyCode;true;unknown;false;public
java.time.temporal.ChronoUnit;MILLIS;java.time.temporal.ChronoUnit;true;unknown;false;public
java.net.CookiePolicy;ACCEPT_ORIGINAL_SERVER;java.net.CookiePolicy;true;unknown;false;public
java.nio.ByteOrder;BIG_ENDIAN;java.nio.ByteOrder;true;unknown;false;public
java.net.StandardProtocolFamily;INET;java.net.StandardProtocolFamily;true;unknown;false;public
java.util.jar.Attributes$Name;EXTENSION_INSTALLATION;java.util.jar.Attributes$Name;true;unknown;false;public
sun.net.ftp.FtpReplyCode;RESTART_MARKER;sun.net.ftp.FtpReplyCode;true;unknown;false;public
javax.net.ssl.SSLEngineResult$HandshakeStatus;NEED_UNWRAP_AGAIN;javax.net.ssl.SSLEngineResult$HandshakeStatus;true;unknown;false;public
java.io.ObjectInputFilter$Status;UNDECIDED;java.io.ObjectInputFilter$Status;true;unknown;false;public
java.lang.Thread$State;TIMED_WAITING;java.lang.Thread$State;true;unknown;false;public
java.time.LocalTime;NOON;java.time.LocalTime;true;unknown;false;public
sun.net.ProgressSource$State;UPDATE;sun.net.ProgressSource$State;true;unknown;false;public
java.nio.charset.CoderResult;UNDERFLOW;java.nio.charset.CoderResult;true;unknown;false;public
java.math.RoundingMode;HALF_UP;java.math.RoundingMode;true;unknown;false;public
java.text.DateFormat$Field;DAY_OF_MONTH;java.text.DateFormat$Field;true;unknown;false;public
java.nio.charset.CoderResult;OVERFLOW;java.nio.charset.CoderResult;true;unknown;false;public
java.time.temporal.ChronoUnit;ERAS;java.time.temporal.ChronoUnit;true;unknown;false;public
java.time.temporal.ChronoField;YEAR_OF_ERA;java.time.temporal.ChronoField;true;unknown;false;public
sun.net.ftp.FtpReplyCode;UNSUPPORTED_PROT_LEVEL;sun.net.ftp.FtpReplyCode;true;unknown;false;public
java.lang.System;err;java.io.PrintStream;true;unknown;false;public
java.security.CryptoPrimitive;KEY_ENCAPSULATION;java.security.CryptoPrimitive;true;unknown;false;public
java.lang.Thread$State;RUNNABLE;java.lang.Thread$State;true;unknown;false;public
java.nio.channels.FileChannel$MapMode;READ_WRITE;java.nio.channels.FileChannel$MapMode;true;unknown;false;public
java.time.DayOfWeek;MONDAY;java.time.DayOfWeek;true;unknown;false;public
jdk.internal.org.objectweb.asm.Type;BYTE_TYPE;jdk.internal.org.objectweb.asm.Type;true;unknown;false;public
java.time.temporal.ChronoField;NANO_OF_SECOND;java.time.temporal.ChronoField;true;unknown;false;public
java.nio.file.attribute.PosixFilePermission;OTHERS_EXECUTE;java.nio.file.attribute.PosixFilePermission;true;unknown;false;public
sun.net.ftp.FtpDirEntry$Type;LINK;sun.net.ftp.FtpDirEntry$Type;true;unknown;false;public
java.lang.Boolean;TYPE;java.lang.Class<java.lang.Boolean>;true;unknown;false;public
java.lang.invoke.VarHandle$AccessMode;GET_AND_BITWISE_XOR_ACQUIRE;java.lang.invoke.VarHandle$AccessMode;true;unknown;false;public
java.util.jar.Attributes$Name;SIGNATURE_VERSION;java.util.jar.Attributes$Name;true;unknown;false;public
sun.security.provider.certpath.OCSPResponse$ResponseStatus;TRY_LATER;sun.security.provider.certpath.OCSPResponse$ResponseStatus;true;unknown;false;public
java.net.Proxy;NO_PROXY;java.net.Proxy;true;unknown;false;public
sun.net.ftp.FtpDirEntry$Type;CDIR;sun.net.ftp.FtpDirEntry$Type;true;unknown;false;public
java.util.jar.Attributes$Name;CLASS_PATH;java.util.jar.Attributes$Name;true;unknown;false;public
java.lang.module.ModuleDescriptor$Requires$Modifier;TRANSITIVE;java.lang.module.ModuleDescriptor$Requires$Modifier;true;unknown;false;public
sun.security.x509.NetscapeCertTypeExtension;NetscapeCertType_Id;sun.security.util.ObjectIdentifier;false;unknown;false;public
sun.net.ftp.FtpReplyCode;SECURITY_EXCHANGE_COMPLETE;sun.net.ftp.FtpReplyCode;true;unknown;false;public
java.time.Month;NOVEMBER;java.time.Month;true;unknown;false;public
java.util.jar.Attributes$Name;EXTENSION_NAME;java.util.jar.Attributes$Name;true;unknown;false;public
sun.net.www.protocol.http.HttpURLConnection$TunnelState;TUNNELING;sun.net.www.protocol.http.HttpURLConnection$TunnelState;true;unknown;false;public
sun.net.ftp.FtpReplyCode;CLOSING_DATA_CONNECTION;sun.net.ftp.FtpReplyCode;true;unknown;false;public
sun.security.x509.AlgorithmId;DSA_OIW_oid;sun.security.util.ObjectIdentifier;true;unknown;false;public
sun.net.ftp.FtpReplyCode;NEED_SECURITY_RESOURCE;sun.net.ftp.FtpReplyCode;true;unknown;false;public
sun.security.provider.certpath.OCSPResponse$ResponseStatus;SIG_REQUIRED;sun.security.provider.certpath.OCSPResponse$ResponseStatus;true;unknown;false;public
sun.net.ftp.FtpReplyCode;NOT_IMPLEMENTED;sun.net.ftp.FtpReplyCode;true;unknown;false;public
java.lang.invoke.VarHandle$AccessMode;GET_AND_SET_RELEASE;java.lang.invoke.VarHandle$AccessMode;true;unknown;false;public
sun.net.www.protocol.http.AuthScheme;DIGEST;sun.net.www.protocol.http.AuthScheme;true;unknown;false;public
sun.security.x509.AlgorithmId;RSASSA_PSS_oid;sun.security.util.ObjectIdentifier;true;unknown;false;public
javax.net.ssl.SSLEngineResult$HandshakeStatus;NEED_UNWRAP;javax.net.ssl.SSLEngineResult$HandshakeStatus;true;unknown;false;public
java.lang.Thread$State;WAITING;java.lang.Thread$State;true;unknown;false;public
sun.net.ftp.FtpReplyCode;EXCEEDED_STORAGE;sun.net.ftp.FtpReplyCode;true;unknown;false;public
java.time.ZoneOffset;MIN;java.time.ZoneOffset;true;unknown;false;public
java.util.Locale;CANADA_FRENCH;java.util.Locale;true;unknown;false;public
java.lang.Character;TYPE;java.lang.Class<java.lang.Character>;true;unknown;false;public
java.time.zone.ZoneOffsetTransitionRule$TimeDefinition;STANDARD;java.time.zone.ZoneOffsetTransitionRule$TimeDefinition;true;unknown;false;public
java.lang.Double;TYPE;java.lang.Class<java.lang.Double>;true;unknown;false;public
java.lang.invoke.VarHandle$AccessMode;GET;java.lang.invoke.VarHandle$AccessMode;true;unknown;false;public
java.time.format.DateTimeFormatter;ISO_ZONED_DATE_TIME;java.time.format.DateTimeFormatter;true;unknown;false;public
java.math.RoundingMode;DOWN;java.math.RoundingMode;true;unknown;false;public
sun.security.x509.AlgorithmId;md5WithRSAEncryption_oid;sun.security.util.ObjectIdentifier;true;unknown;false;public
sun.security.provider.certpath.ResponderId$Type;BY_KEY;sun.security.provider.certpath.ResponderId$Type;true;unknown;false;public
java.lang.invoke.VarHandle$AccessMode;COMPARE_AND_EXCHANGE_RELEASE;java.lang.invoke.VarHandle$AccessMode;true;unknown;false;public
java.lang.invoke.VarHandle$AccessMode;SET_VOLATILE;java.lang.invoke.VarHandle$AccessMode;true;unknown;false;public
sun.security.x509.AccessDescription;Ad_CAREPOSITORY_Id;sun.security.util.ObjectIdentifier;true;unknown;false;public
java.util.Locale;CHINESE;java.util.Locale;true;unknown;false;public
java.time.format.ResolverStyle;SMART;java.time.format.ResolverStyle;true;unknown;false;public
java.lang.System;in;java.io.InputStream;true;unknown;false;public
sun.net.ftp.FtpReplyCode;NEED_ACCOUNT_FOR_STORING;sun.net.ftp.FtpReplyCode;true;unknown;false;public
sun.net.ftp.FtpReplyCode;SERVICE_NOT_AVAILABLE;sun.net.ftp.FtpReplyCode;true;unknown;false;public
sun.net.www.protocol.http.AuthScheme;KERBEROS;sun.net.www.protocol.http.AuthScheme;true;unknown;false;public
java.time.temporal.ChronoField;ALIGNED_DAY_OF_WEEK_IN_MONTH;java.time.temporal.ChronoField;true;unknown;false;public
java.time.format.DateTimeFormatter;ISO_OFFSET_DATE;java.time.format.DateTimeFormatter;true;unknown;false;public
java.nio.file.attribute.PosixFilePermission;OWNER_EXECUTE;java.nio.file.attribute.PosixFilePermission;true;unknown;false;public
java.time.chrono.HijrahEra;AH;java.time.chrono.HijrahEra;true;unknown;false;public
sun.security.x509.AlgorithmId;SHA512_224_oid;sun.security.util.ObjectIdentifier;true;unknown;false;public
java.lang.invoke.VarHandle$AccessMode;GET_AND_ADD_ACQUIRE;java.lang.invoke.VarHandle$AccessMode;true;unknown;false;public
java.time.temporal.ChronoUnit;MONTHS;java.time.temporal.ChronoUnit;true;unknown;false;public
java.lang.invoke.VarHandle$AccessMode;GET_AND_BITWISE_XOR_RELEASE;java.lang.invoke.VarHandle$AccessMode;true;unknown;false;public
java.math.RoundingMode;UNNECESSARY;java.math.RoundingMode;true;unknown;false;public
java.time.OffsetDateTime;MIN;java.time.OffsetDateTime;true;unknown;false;public
java.lang.Thread$State;NEW;java.lang.Thread$State;true;unknown;false;public
java.text.NumberFormat$Field;GROUPING_SEPARATOR;java.text.NumberFormat$Field;true;unknown;false;public
jdk.internal.org.objectweb.asm.Type;FLOAT_TYPE;jdk.internal.org.objectweb.asm.Type;true;unknown;false;public
java.time.format.DateTimeFormatter;ISO_INSTANT;java.time.format.DateTimeFormatter;true;unknown;false;public
sun.util.locale.provider.LocaleProviderAdapter$Type;SPI;sun.util.locale.provider.LocaleProviderAdapter$Type;true;unknown;false;public
sun.net.ftp.FtpReplyCode;NEED_ADAT;sun.net.ftp.FtpReplyCode;true;unknown;false;public
java.time.temporal.ChronoField;MINUTE_OF_HOUR;java.time.temporal.ChronoField;true;unknown;false;public
java.io.FileDescriptor;out;java.io.FileDescriptor;true;unknown;false;public
sun.invoke.util.Wrapper;DOUBLE;sun.invoke.util.Wrapper;true;unknown;false;public
java.util.jar.Attributes$Name;SPECIFICATION_VERSION;java.util.jar.Attributes$Name;true;unknown;false;public
java.nio.file.attribute.PosixFilePermission;OTHERS_READ;java.nio.file.attribute.PosixFilePermission;true;unknown;false;public
java.lang.invoke.VarHandle$AccessMode;GET_AND_BITWISE_OR_ACQUIRE;java.lang.invoke.VarHandle$AccessMode;true;unknown;false;public
java.util.Locale;ITALIAN;java.util.Locale;true;unknown;false;public
jdk.internal.reflect.ConstantPool$Tag;FIELDREF;jdk.internal.reflect.ConstantPool$Tag;true;unknown;false;public
java.text.NumberFormat$Field;CURRENCY;java.text.NumberFormat$Field;true;unknown;false;public
java.util.jar.Attributes$Name;IMPLEMENTATION_VENDOR_ID;java.util.jar.Attributes$Name;true;unknown;false;public
java.math.BigInteger;TEN;java.math.BigInteger;true;unknown;false;public
sun.net.ftp.FtpReplyCode;INVALID_PARAMETER;sun.net.ftp.FtpReplyCode;true;unknown;false;public
java.time.format.DateTimeFormatter;RFC_1123_DATE_TIME;java.time.format.DateTimeFormatter;true;unknown;false;public
java.lang.StackWalker$Option;RETAIN_CLASS_REFERENCE;java.lang.StackWalker$Option;true;unknown;false;public
javax.net.ssl.SSLEngineResult$Status;OK;javax.net.ssl.SSLEngineResult$Status;true;unknown;false;public
java.util.Locale$FilteringMode;EXTENDED_FILTERING;java.util.Locale$FilteringMode;true;unknown;false;public
java.time.chrono.IsoChronology;INSTANCE;java.time.chrono.IsoChronology;true;unknown;false;public
java.text.NumberFormat$Field;INTEGER;java.text.NumberFormat$Field;true;unknown;false;public
java.net.Proxy$Type;SOCKS;java.net.Proxy$Type;true;unknown;false;public
sun.security.x509.AccessDescription;Ad_TIMESTAMPING_Id;sun.security.util.ObjectIdentifier;true;unknown;false;public
java.time.format.DateTimeFormatter;ISO_LOCAL_DATE;java.time.format.DateTimeFormatter;true;unknown;false;public
java.time.Month;FEBRUARY;java.time.Month;true;unknown;false;public
java.time.format.ResolverStyle;LENIENT;java.time.format.ResolverStyle;true;unknown;false;public
sun.security.validator.ValidatorException;T_NAME_CHAINING;java.lang.Object;true;unknown;false;public
java.text.NumberFormat$Field;PERCENT;java.text.NumberFormat$Field;true;unknown;false;public
sun.security.x509.AlgorithmId;ECDH_oid;sun.security.util.ObjectIdentifier;true;unknown;false;public
jdk.internal.org.objectweb.asm.tree.analysis.BasicValue;REFERENCE_VALUE;jdk.internal.org.objectweb.asm.tree.analysis.BasicValue;true;unknown;false;public
sun.util.logging.PlatformLogger$Level;WARNING;sun.util.logging.PlatformLogger$Level;true;unknown;false;public
java.math.MathContext;DECIMAL32;java.math.MathContext;true;unknown;false;public
sun.net.ftp.FtpReplyCode;FILE_ACTION_OK;sun.net.ftp.FtpReplyCode;true;unknown;false;public
java.lang.invoke.VarHandle$AccessMode;GET_AND_ADD_RELEASE;java.lang.invoke.VarHandle$AccessMode;true;unknown;false;public
java.math.MathContext;UNLIMITED;java.math.MathContext;true;unknown;false;public
java.time.DayOfWeek;SUNDAY;java.time.DayOfWeek;true;unknown;false;public
java.lang.Byte;TYPE;java.lang.Class<java.lang.Byte>;true;unknown;false;public
java.security.CryptoPrimitive;STREAM_CIPHER;java.security.CryptoPrimitive;true;unknown;false;public
sun.net.ftp.FtpDirEntry$Type;FILE;sun.net.ftp.FtpDirEntry$Type;true;unknown;false;public
sun.security.x509.AlgorithmId;DH_oid;sun.security.util.ObjectIdentifier;true;unknown;false;public
sun.security.provider.certpath.OCSPResponse$ResponseStatus;SUCCESSFUL;sun.security.provider.certpath.OCSPResponse$ResponseStatus;true;unknown;false;public
java.net.Authenticator$RequestorType;PROXY;java.net.Authenticator$RequestorType;true;unknown;false;public
sun.security.x509.AlgorithmId;sha256WithRSAEncryption_oid;sun.security.util.ObjectIdentifier;true;unknown;false;public
java.time.chrono.JapaneseChronology;INSTANCE;java.time.chrono.JapaneseChronology;true;unknown;false;public
jdk.internal.org.objectweb.asm.Type;SHORT_TYPE;jdk.internal.org.objectweb.asm.Type;true;unknown;false;public
java.time.Month;AUGUST;java.time.Month;true;unknown;false;public
sun.security.x509.AlgorithmId;pbeWithMD5AndRC2_oid;sun.security.util.ObjectIdentifier;true;unknown;false;public
java.time.temporal.ChronoField;MICRO_OF_SECOND;java.time.temporal.ChronoField;true;unknown;false;public
java.time.LocalTime;MIN;java.time.LocalTime;true;unknown;false;public
java.io.FileDescriptor;in;java.io.FileDescriptor;true;unknown;false;public
java.time.chrono.ThaiBuddhistEra;BE;java.time.chrono.ThaiBuddhistEra;true;unknown;false;public
java.text.NumberFormat$Field;FRACTION;java.text.NumberFormat$Field;true;unknown;false;public
sun.invoke.util.Wrapper;VOID;sun.invoke.util.Wrapper;true;unknown;false;public
sun.net.www.protocol.http.AuthScheme;BASIC;sun.net.www.protocol.http.AuthScheme;true;unknown;false;public
sun.security.x509.AlgorithmId;sha1WithDSA_oid;sun.security.util.ObjectIdentifier;true;unknown;false;public
java.lang.invoke.VarHandle$AccessMode;WEAK_COMPARE_AND_SET;java.lang.invoke.VarHandle$AccessMode;true;unknown;false;public
sun.net.ftp.FtpReplyCode;SERVICE_READY_IN;sun.net.ftp.FtpReplyCode;true;unknown;false;public
java.util.Locale;ROOT;java.util.Locale;true;unknown;false;public
sun.net.ftp.FtpReplyCode;REQUEST_DENIED;sun.net.ftp.FtpReplyCode;true;unknown;false;public
jdk.internal.reflect.ConstantPool$Tag;INVOKEDYNAMIC;jdk.internal.reflect.ConstantPool$Tag;true;unknown;false;public
sun.security.x509.AlgorithmId;RSAES_OAEP_oid;sun.security.util.ObjectIdentifier;true;unknown;false;public
sun.net.ftp.FtpClient$TransferType;BINARY;sun.net.ftp.FtpClient$TransferType;true;unknown;false;public
java.util.Locale$FilteringMode;MAP_EXTENDED_RANGES;java.util.Locale$FilteringMode;true;unknown;false;public
sun.util.locale.provider.LocaleProviderAdapter$Type;HOST;sun.util.locale.provider.LocaleProviderAdapter$Type;true;unknown;false;public
java.text.NumberFormat$Field;SIGN;java.text.NumberFormat$Field;true;unknown;false;public
jdk.internal.reflect.ConstantPool$Tag;INVALID;jdk.internal.reflect.ConstantPool$Tag;true;unknown;false;public
jdk.internal.org.objectweb.asm.tree.analysis.BasicValue;RETURNADDRESS_VALUE;jdk.internal.org.objectweb.asm.tree.analysis.BasicValue;true;unknown;false;public
java.time.format.TextStyle;FULL;java.time.format.TextStyle;true;unknown;false;public
sun.net.ftp.FtpReplyCode;FAILED_SECURITY_CHECK;sun.net.ftp.FtpReplyCode;true;unknown;false;public
java.time.Instant;MAX;java.time.Instant;true;unknown;false;public
sun.net.ftp.FtpReplyCode;INSUFFICIENT_STORAGE;sun.net.ftp.FtpReplyCode;true;unknown;false;public
java.math.BigDecimal;ONE;java.math.BigDecimal;true;unknown;false;public
sun.net.ftp.FtpReplyCode;PAGE_TYPE_UNKNOWN;sun.net.ftp.FtpReplyCode;true;unknown;false;public
java.time.Month;MAY;java.time.Month;true;unknown;false;public
java.time.temporal.ChronoField;INSTANT_SECONDS;java.time.temporal.ChronoField;true;unknown;false;public
java.util.Locale$FilteringMode;AUTOSELECT_FILTERING;java.util.Locale$FilteringMode;true;unknown;false;public
sun.security.validator.ValidatorException;T_CERT_EXPIRED;java.lang.Object;true;unknown;false;public
sun.security.x509.X500Name;SURNAME_OID;sun.security.util.ObjectIdentifier;true;unknown;false;public
java.time.format.TextStyle;SHORT_STANDALONE;java.time.format.TextStyle;true;unknown;false;public
java.time.Instant;MIN;java.time.Instant;true;unknown;false;public
java.nio.file.attribute.PosixFilePermission;GROUP_WRITE;java.nio.file.attribute.PosixFilePermission;true;unknown;false;public
sun.util.logging.PlatformLogger$Level;FINEST;sun.util.logging.PlatformLogger$Level;true;unknown;false;public
java.text.DateFormat$Field;SECOND;java.text.DateFormat$Field;true;unknown;false;public
java.util.jar.Attributes$Name;MAIN_CLASS;java.util.jar.Attributes$Name;true;unknown;false;public
sun.util.logging.PlatformLogger$Level;ALL;sun.util.logging.PlatformLogger$Level;true;unknown;false;public
sun.util.locale.LocaleExtensions;CALENDAR_JAPANESE;sun.util.locale.LocaleExtensions;true;unknown;false;public
java.util.jar.Attributes$Name;IMPLEMENTATION_TITLE;java.util.jar.Attributes$Name;true;unknown;false;public
java.lang.module.ModuleDescriptor$Modifier;SYNTHETIC;java.lang.module.ModuleDescriptor$Modifier;true;unknown;false;public
sun.net.ftp.FtpReplyCode;PROT_LEVEL_DENIED;sun.net.ftp.FtpReplyCode;true;unknown;false;public
java.math.BigDecimal;TEN;java.math.BigDecimal;true;unknown;false;public
sun.security.validator.ValidatorException;T_EE_EXTENSIONS;java.lang.Object;true;unknown;false;public
java.nio.file.attribute.PosixFilePermission;GROUP_EXECUTE;java.nio.file.attribute.PosixFilePermission;true;unknown;false;public
java.io.FileDescriptor;err;java.io.FileDescriptor;true;unknown;false;public
java.time.DayOfWeek;SATURDAY;java.time.DayOfWeek;true;unknown;false;public
sun.net.www.protocol.http.HttpURLConnection$TunnelState;SETUP;sun.net.www.protocol.http.HttpURLConnection$TunnelState;true;unknown;false;public
java.time.format.DateTimeFormatter;ISO_DATE_TIME;java.time.format.DateTimeFormatter;true;unknown;false;public
java.time.temporal.ChronoField;ALIGNED_WEEK_OF_YEAR;java.time.temporal.ChronoField;true;unknown;false;public
java.util.jar.Attributes$Name;MULTI_RELEASE;java.util.jar.Attributes$Name;true;unknown;false;public
javax.net.ssl.SSLEngineResult$HandshakeStatus;NOT_HANDSHAKING;javax.net.ssl.SSLEngineResult$HandshakeStatus;true;unknown;false;public
java.lang.System$Logger$Level;WARNING;java.lang.System$Logger$Level;true;unknown;false;public
java.util.jar.Attributes$Name;IMPLEMENTATION_VENDOR;java.util.jar.Attributes$Name;true;unknown;false;public
java.time.format.DecimalStyle;STANDARD;java.time.format.DecimalStyle;true;unknown;false;public
sun.net.ftp.FtpDirEntry$Type;DIR;sun.net.ftp.FtpDirEntry$Type;true;unknown;false;public
java.lang.invoke.VarHandle$AccessMode;GET_AND_SET_ACQUIRE;java.lang.invoke.VarHandle$AccessMode;true;unknown;false;public
java.lang.String;CASE_INSENSITIVE_ORDER;java.util.Comparator<java.lang.String>;true;unknown;false;public
java.security.cert.CRLReason;UNSPECIFIED;java.security.cert.CRLReason;true;unknown;false;public
sun.net.www.protocol.http.AuthScheme;NTLM;sun.net.www.protocol.http.AuthScheme;true;unknown;false;public
java.time.ZoneId;SHORT_IDS;java.util.Map<java.lang.String, java.lang.String>;true;unknown;false;public
jdk.internal.reflect.ConstantPool$Tag;METHODREF;jdk.internal.reflect.ConstantPool$Tag;true;unknown;false;public
sun.security.validator.ValidatorException;T_NO_TRUST_ANCHOR;java.lang.Object;true;unknown;false;public
java.text.DateFormat$Field;TIME_ZONE;java.text.DateFormat$Field;true;unknown;false;public
java.util.Locale$IsoCountryCode;PART1_ALPHA2;java.util.Locale$IsoCountryCode;true;unknown;false;public
java.text.DateFormat$Field;HOUR_OF_DAY1;java.text.DateFormat$Field;true;unknown;false;public
java.util.Locale;GERMAN;java.util.Locale;true;unknown;false;public
java.util.Locale;CANADA;java.util.Locale;true;unknown;false;public
java.text.DateFormat$Field;HOUR_OF_DAY0;java.text.DateFormat$Field;true;unknown;false;public
java.time.OffsetTime;MIN;java.time.OffsetTime;true;unknown;false;public
java.security.cert.CRLReason;SUPERSEDED;java.security.cert.CRLReason;true;unknown;false;public
java.security.spec.RSAKeyGenParameterSpec;F0;java.math.BigInteger;true;unknown;false;public
java.util.concurrent.TimeUnit;HOURS;java.util.concurrent.TimeUnit;true;unknown;false;public
java.lang.StackWalker$Option;SHOW_HIDDEN_FRAMES;java.lang.StackWalker$Option;true;unknown;false;public
java.util.jar.Attributes$Name;SPECIFICATION_VENDOR;java.util.jar.Attributes$Name;true;unknown;false;public
jdk.internal.reflect.ConstantPool$Tag;INTEGER;jdk.internal.reflect.ConstantPool$Tag;true;unknown;false;public
sun.security.x509.AlgorithmId;SHA_oid;sun.security.util.ObjectIdentifier;true;unknown;false;public
java.security.CryptoPrimitive;SECURE_RANDOM;java.security.CryptoPrimitive;true;unknown;false;public
java.util.stream.Collector$Characteristics;IDENTITY_FINISH;java.util.stream.Collector$Characteristics;true;unknown;false;public
sun.security.x509.AlgorithmId;DSA_oid;sun.security.util.ObjectIdentifier;true;unknown;false;public
java.time.chrono.JapaneseEra;MEIJI;java.time.chrono.JapaneseEra;true;unknown;false;public
java.lang.StackWalker$Option;SHOW_REFLECT_FRAMES;java.lang.StackWalker$Option;true;unknown;false;public
java.time.temporal.ChronoField;DAY_OF_WEEK;java.time.temporal.ChronoField;true;unknown;false;public
java.text.DateFormat$Field;AM_PM;java.text.DateFormat$Field;true;unknown;false;public
java.time.DayOfWeek;WEDNESDAY;java.time.DayOfWeek;true;unknown;false;public
java.lang.invoke.VarHandle$AccessMode;GET_AND_SET;java.lang.invoke.VarHandle$AccessMode;true;unknown;false;public
sun.security.x509.AlgorithmId;DH_PKIX_oid;sun.security.util.ObjectIdentifier;true;unknown;false;public
java.text.DateFormat$Field;HOUR1;java.text.DateFormat$Field;true;unknown;false;public
java.util.concurrent.TimeUnit;DAYS;java.util.concurrent.TimeUnit;true;unknown;false;public
sun.net.ftp.FtpDirEntry$Type;PDIR;sun.net.ftp.FtpDirEntry$Type;true;unknown;false;public
sun.security.validator.ValidatorException;T_ALGORITHM_DISABLED;java.lang.Object;true;unknown;false;public
java.security.cert.CRLReason;AFFILIATION_CHANGED;java.security.cert.CRLReason;true;unknown;false;public
java.lang.invoke.VarHandle$AccessMode;GET_AND_BITWISE_AND;java.lang.invoke.VarHandle$AccessMode;true;unknown;false;public
java.time.chrono.IsoEra;CE;java.time.chrono.IsoEra;true;unknown;false;public
java.time.Month;JUNE;java.time.Month;true;unknown;false;public
sun.net.ftp.FtpReplyCode;COMMAND_OK;sun.net.ftp.FtpReplyCode;true;unknown;false;public
java.time.format.DateTimeFormatter;BASIC_ISO_DATE;java.time.format.DateTimeFormatter;true;unknown;false;public
sun.net.ftp.FtpReplyCode;NEED_PASSWORD;sun.net.ftp.FtpReplyCode;true;unknown;false;public
sun.invoke.util.Wrapper;BYTE;sun.invoke.util.Wrapper;true;unknown;false;public
java.time.temporal.ChronoUnit;DAYS;java.time.temporal.ChronoUnit;true;unknown;false;public
java.text.AttributedCharacterIterator$Attribute;READING;java.text.AttributedCharacterIterator$Attribute;true;unknown;false;public
jdk.internal.reflect.ConstantPool$Tag;METHODHANDLE;jdk.internal.reflect.ConstantPool$Tag;true;unknown;false;public
java.util.Locale;SIMPLIFIED_CHINESE;java.util.Locale;true;unknown;false;public
java.time.format.FormatStyle;SHORT;java.time.format.FormatStyle;true;unknown;false;public
java.util.concurrent.TimeUnit;NANOSECONDS;java.util.concurrent.TimeUnit;true;unknown;false;public
sun.security.x509.AlgorithmId;mgf1_oid;sun.security.util.ObjectIdentifier;true;unknown;false;public
javax.net.ssl.SSLEngineResult$Status;BUFFER_OVERFLOW;javax.net.ssl.SSLEngineResult$Status;true;unknown;false;public
java.util.concurrent.TimeUnit;SECONDS;java.util.concurrent.TimeUnit;true;unknown;false;public
java.time.Month;DECEMBER;java.time.Month;true;unknown;false;public
java.nio.file.attribute.PosixFilePermission;OWNER_WRITE;java.nio.file.attribute.PosixFilePermission;true;unknown;false;public
java.lang.invoke.VarHandle$AccessMode;GET_AND_ADD;java.lang.invoke.VarHandle$AccessMode;true;unknown;false;public
sun.invoke.util.Wrapper;INT;sun.invoke.util.Wrapper;true;unknown;false;public
java.security.spec.PSSParameterSpec;DEFAULT;java.security.spec.PSSParameterSpec;true;unknown;false;public
java.util.Locale;FRENCH;java.util.Locale;true;unknown;false;public
sun.security.x509.AlgorithmId;pbeWithSHA1AndDES_oid;sun.security.util.ObjectIdentifier;true;unknown;false;public
java.lang.annotation.RetentionPolicy;RUNTIME;java.lang.annotation.RetentionPolicy;true;unknown;false;public
java.math.BigInteger;ONE;java.math.BigInteger;true;unknown;false;public
sun.security.x509.X500Name;orgUnitName_oid;sun.security.util.ObjectIdentifier;true;unknown;false;public
java.lang.System$Logger$Level;OFF;java.lang.System$Logger$Level;true;unknown;false;public
java.util.stream.Collector$Characteristics;CONCURRENT;java.util.stream.Collector$Characteristics;true;unknown;false;public
java.text.DateFormat$Field;MINUTE;java.text.DateFormat$Field;true;unknown;false;public
sun.net.ftp.FtpClient$TransferType;EBCDIC;sun.net.ftp.FtpClient$TransferType;true;unknown;false;public
java.time.format.DateTimeFormatter;ISO_TIME;java.time.format.DateTimeFormatter;true;unknown;false;public
jdk.internal.org.objectweb.asm.Type;LONG_TYPE;jdk.internal.org.objectweb.asm.Type;true;unknown;false;public
java.security.CryptoPrimitive;MESSAGE_DIGEST;java.security.CryptoPrimitive;true;unknown;false;public
jdk.internal.org.objectweb.asm.Type;CHAR_TYPE;jdk.internal.org.objectweb.asm.Type;true;unknown;false;public
java.lang.module.ModuleDescriptor$Modifier;OPEN;java.lang.module.ModuleDescriptor$Modifier;true;unknown;false;public
java.math.RoundingMode;CEILING;java.math.RoundingMode;true;unknown;false;public
jdk.internal.reflect.ConstantPool$Tag;CLASS;jdk.internal.reflect.ConstantPool$Tag;true;unknown;false;public
java.lang.annotation.RetentionPolicy;SOURCE;java.lang.annotation.RetentionPolicy;true;unknown;false;public
java.util.jar.Attributes$Name;SPECIFICATION_TITLE;java.util.jar.Attributes$Name;true;unknown;false;public
sun.net.ftp.FtpReplyCode;DATA_CONNECTION_OPEN;sun.net.ftp.FtpReplyCode;true;unknown;false;public
javax.net.ssl.SSLEngineResult$HandshakeStatus;NEED_WRAP;javax.net.ssl.SSLEngineResult$HandshakeStatus;true;unknown;false;public
java.text.DateFormat$Field;WEEK_OF_YEAR;java.text.DateFormat$Field;true;unknown;false;public
java.util.Locale;FRANCE;java.util.Locale;true;unknown;false;public
java.time.Period;ZERO;java.time.Period;true;unknown;false;public
java.time.format.DateTimeFormatter;ISO_ORDINAL_DATE;java.time.format.DateTimeFormatter;true;unknown;false;public
java.security.CryptoPrimitive;KEY_WRAP;java.security.CryptoPrimitive;true;unknown;false;public
java.lang.invoke.VarHandle$AccessMode;WEAK_COMPARE_AND_SET_ACQUIRE;java.lang.invoke.VarHandle$AccessMode;true;unknown;false;public
java.text.DateFormat$Field;MONTH;java.text.DateFormat$Field;true;unknown;false;public
java.math.BigInteger;ZERO;java.math.BigInteger;true;unknown;false;public
java.time.temporal.ChronoUnit;YEARS;java.time.temporal.ChronoUnit;true;unknown;false;public
java.nio.channels.FileChannel$MapMode;PRIVATE;java.nio.channels.FileChannel$MapMode;true;unknown;false;public
java.lang.invoke.VarHandle$AccessMode;COMPARE_AND_EXCHANGE;java.lang.invoke.VarHandle$AccessMode;true;unknown;false;public
java.lang.invoke.VarHandle$AccessMode;WEAK_COMPARE_AND_SET_PLAIN;java.lang.invoke.VarHandle$AccessMode;true;unknown;false;public
sun.security.x509.AlgorithmId;sha224WithRSAEncryption_oid;sun.security.util.ObjectIdentifier;true;unknown;false;public
java.util.Locale;GERMANY;java.util.Locale;true;unknown;false;public
java.security.cert.CRLReason;UNUSED;java.security.cert.CRLReason;true;unknown;false;public
java.util.jar.Attributes$Name;CONTENT_TYPE;java.util.jar.Attributes$Name;true;unknown;false;public
javax.net.ssl.SSLEngineResult$HandshakeStatus;NEED_TASK;javax.net.ssl.SSLEngineResult$HandshakeStatus;true;unknown;false;public
java.time.chrono.ThaiBuddhistEra;BEFORE_BE;java.time.chrono.ThaiBuddhistEra;true;unknown;false;public
java.util.Locale;TAIWAN;java.util.Locale;true;unknown;false;public
sun.net.ftp.FtpReplyCode;NAME_SYSTEM_TYPE;sun.net.ftp.FtpReplyCode;true;unknown;false;public
jdk.internal.org.objectweb.asm.commons.InstructionAdapter;OBJECT_TYPE;jdk.internal.org.objectweb.asm.Type;true;unknown;false;public
java.lang.System$Logger$Level;ALL;java.lang.System$Logger$Level;true;unknown;false;public
java.lang.invoke.VarHandle$AccessMode;GET_AND_BITWISE_AND_ACQUIRE;java.lang.invoke.VarHandle$AccessMode;true;unknown;false;public
java.lang.Float;TYPE;java.lang.Class<java.lang.Float>;true;unknown;false;public
java.text.NumberFormat$Field;EXPONENT;java.text.NumberFormat$Field;true;unknown;false;public
sun.security.x509.AlgorithmId;sha512_256WithRSAEncryption_oid;sun.security.util.ObjectIdentifier;true;unknown;false;public
java.text.DateFormat$Field;HOUR0;java.text.DateFormat$Field;true;unknown;false;public
sun.net.www.protocol.http.AuthScheme;UNKNOWN;sun.net.www.protocol.http.AuthScheme;true;unknown;false;public
sun.security.x509.AlgorithmId;sha384WithECDSA_oid;sun.security.util.ObjectIdentifier;true;unknown;false;public
sun.util.logging.PlatformLogger$Level;FINER;sun.util.logging.PlatformLogger$Level;true;unknown;false;public
java.lang.module.ModuleDescriptor$Exports$Modifier;MANDATED;java.lang.module.ModuleDescriptor$Exports$Modifier;true;unknown;false;public
java.util.Locale;US;java.util.Locale;true;unknown;false;public
sun.util.locale.provider.LocaleProviderAdapter$Type;FALLBACK;sun.util.locale.provider.LocaleProviderAdapter$Type;true;unknown;false;public
sun.security.x509.AlgorithmId;AES_oid;sun.security.util.ObjectIdentifier;true;unknown;false;public
java.util.Locale;ITALY;java.util.Locale;true;unknown;false;public
sun.security.x509.AlgorithmId;sha256WithECDSA_oid;sun.security.util.ObjectIdentifier;true;unknown;false;public
java.time.format.TextStyle;NARROW;java.time.format.TextStyle;true;unknown;false;public
java.security.spec.NamedParameterSpec;X25519;java.security.spec.NamedParameterSpec;true;unknown;false;public
sun.net.ftp.FtpReplyCode;DATA_CONNECTION_ALREADY_OPEN;sun.net.ftp.FtpReplyCode;true;unknown;false;public
sun.security.x509.AlgorithmId;sha1WithRSAEncryption_OIW_oid;sun.security.util.ObjectIdentifier;true;unknown;false;public
java.io.ObjectInputFilter$Status;ALLOWED;java.io.ObjectInputFilter$Status;true;unknown;false;public
java.net.StandardProtocolFamily;INET6;java.net.StandardProtocolFamily;true;unknown;false;public
sun.invoke.util.Wrapper;SHORT;sun.invoke.util.Wrapper;true;unknown;false;public
java.net.CookiePolicy;ACCEPT_NONE;java.net.CookiePolicy;true;unknown;false;public
java.lang.module.ModuleDescriptor$Modifier;AUTOMATIC;java.lang.module.ModuleDescriptor$Modifier;true;unknown;false;public
java.math.RoundingMode;HALF_DOWN;java.math.RoundingMode;true;unknown;false;public
sun.security.x509.AlgorithmId;SHA512_256_oid;sun.security.util.ObjectIdentifier;true;unknown;false;public
java.time.temporal.ChronoUnit;FOREVER;java.time.temporal.ChronoUnit;true;unknown;false;public
sun.net.ftp.FtpReplyCode;DIRECTORY_STATUS;sun.net.ftp.FtpReplyCode;true;unknown;false;public
sun.invoke.util.Wrapper;LONG;sun.invoke.util.Wrapper;true;unknown;false;public
java.time.temporal.ChronoUnit;HOURS;java.time.temporal.ChronoUnit;true;unknown;false;public
sun.net.ftp.FtpClient$TransferType;ASCII;sun.net.ftp.FtpClient$TransferType;true;unknown;false;public
sun.net.ftp.FtpReplyCode;ENTERING_EXT_PASSIVE_MODE;sun.net.ftp.FtpReplyCode;true;unknown;false;public
java.lang.invoke.VarHandle$AccessMode;GET_AND_BITWISE_OR;java.lang.invoke.VarHandle$AccessMode;true;unknown;false;public
sun.security.x509.AlgorithmId;sha512_224WithRSAEncryption_oid;sun.security.util.ObjectIdentifier;true;unknown;false;public
sun.security.x509.X500Name;localityName_oid;sun.security.util.ObjectIdentifier;true;unknown;false;public
java.time.temporal.ChronoUnit;DECADES;java.time.temporal.ChronoUnit;true;unknown;false;public
java.lang.Integer;TYPE;java.lang.Class<java.lang.Integer>;true;unknown;false;public
java.time.temporal.ChronoField;ALIGNED_DAY_OF_WEEK_IN_YEAR;java.time.temporal.ChronoField;true;unknown;false;public
java.util.jar.Attributes$Name;MANIFEST_VERSION;java.util.jar.Attributes$Name;true;unknown;false;public
sun.security.x509.AlgorithmId;pbeWithSHA1AndRC2_40_oid;sun.security.util.ObjectIdentifier;false;unknown;false;public
sun.security.x509.AlgorithmId;sha1WithRSAEncryption_oid;sun.security.util.ObjectIdentifier;true;unknown;false;public
sun.net.ftp.FtpReplyCode;SERVICE_READY;sun.net.ftp.FtpReplyCode;true;unknown;false;public
sun.net.ftp.FtpReplyCode;PROT_LEVEL_NOT_SUPPORTED_BY_SECURITY;sun.net.ftp.FtpReplyCode;true;unknown;false;public
java.lang.Short;TYPE;java.lang.Class<java.lang.Short>;true;unknown;false;public
jdk.internal.misc.Signal$Handler;SIG_DFL;jdk.internal.misc.Signal$Handler;true;unknown;false;public
java.security.CryptoPrimitive;PUBLIC_KEY_ENCRYPTION;java.security.CryptoPrimitive;true;unknown;false;public
java.net.CookiePolicy;ACCEPT_ALL;java.net.CookiePolicy;true;unknown;false;public
java.time.format.FormatStyle;MEDIUM;java.time.format.FormatStyle;true;unknown;false;public
sun.util.logging.PlatformLogger$Level;INFO;sun.util.logging.PlatformLogger$Level;true;unknown;false;public
java.nio.channels.FileChannel$MapMode;READ_ONLY;java.nio.channels.FileChannel$MapMode;true;unknown;false;public
java.time.LocalDateTime;MIN;java.time.LocalDateTime;true;unknown;false;public
java.time.format.DateTimeFormatter;ISO_OFFSET_DATE_TIME;java.time.format.DateTimeFormatter;true;unknown;false;public
java.lang.System$Logger$Level;INFO;java.lang.System$Logger$Level;true;unknown;false;public
java.time.temporal.ChronoField;CLOCK_HOUR_OF_AMPM;java.time.temporal.ChronoField;true;unknown;false;public
java.time.format.DateTimeFormatter;ISO_LOCAL_TIME;java.time.format.DateTimeFormatter;true;unknown;false;public
sun.security.x509.AlgorithmId;RSAEncryption_oid;sun.security.util.ObjectIdentifier;true;unknown;false;public
java.time.format.DateTimeFormatter;ISO_DATE;java.time.format.DateTimeFormatter;true;unknown;false;public
java.time.chrono.MinguoChronology;INSTANCE;java.time.chrono.MinguoChronology;true;unknown;false;public
java.time.temporal.ChronoField;AMPM_OF_DAY;java.time.temporal.ChronoField;true;unknown;false;public
java.text.DateFormat$Field;MILLISECOND;java.text.DateFormat$Field;true;unknown;false;public
sun.net.www.protocol.http.AuthScheme;NEGOTIATE;sun.net.www.protocol.http.AuthScheme;true;unknown;false;public
java.security.spec.ECPoint;POINT_INFINITY;java.security.spec.ECPoint;true;unknown;false;public
sun.net.ftp.FtpReplyCode;SECURELY_LOGGED_IN;sun.net.ftp.FtpReplyCode;true;unknown;false;public
java.lang.System$Logger$Level;ERROR;java.lang.System$Logger$Level;true;unknown;false;public
java.time.temporal.ChronoField;PROLEPTIC_MONTH;java.time.temporal.ChronoField;true;unknown;false;public
java.time.temporal.ChronoField;MONTH_OF_YEAR;java.time.temporal.ChronoField;true;unknown;false;public
java.time.temporal.ChronoField;MILLI_OF_DAY;java.time.temporal.ChronoField;true;unknown;false;public
java.util.concurrent.TimeUnit;MINUTES;java.util.concurrent.TimeUnit;true;unknown;false;public
java.nio.charset.CodingErrorAction;REPORT;java.nio.charset.CodingErrorAction;true;unknown;false;public
sun.security.x509.X500Name;ipAddress_oid;sun.security.util.ObjectIdentifier;true;unknown;false;public
java.util.Locale;TRADITIONAL_CHINESE;java.util.Locale;true;unknown;false;public
sun.security.x509.AlgorithmId;shaWithDSA_OIW_oid;sun.security.util.ObjectIdentifier;true;unknown;false;public
java.math.RoundingMode;FLOOR;java.math.RoundingMode;true;unknown;false;public
java.util.ResourceBundle$Control;FORMAT_DEFAULT;java.util.List<java.lang.String>;true;unknown;false;public
sun.net.ftp.FtpReplyCode;FILE_ACTION_PENDING;sun.net.ftp.FtpReplyCode;true;unknown;false;public
java.lang.annotation.RetentionPolicy;CLASS;java.lang.annotation.RetentionPolicy;true;unknown;false;public
java.lang.invoke.VarHandle$AccessMode;SET_RELEASE;java.lang.invoke.VarHandle$AccessMode;true;unknown;false;public
jdk.internal.misc.Signal$Handler;SIG_IGN;jdk.internal.misc.Signal$Handler;true;unknown;false;public
java.time.ZoneOffset;UTC;java.time.ZoneOffset;true;unknown;false;public
sun.security.x509.AccessDescription;Ad_OCSP_Id;sun.security.util.ObjectIdentifier;true;unknown;false;public
java.util.Locale;UK;java.util.Locale;true;unknown;false;public
sun.invoke.util.Wrapper;OBJECT;sun.invoke.util.Wrapper;true;unknown;false;public
java.lang.module.ModuleDescriptor$Exports$Modifier;SYNTHETIC;java.lang.module.ModuleDescriptor$Exports$Modifier;true;unknown;false;public
java.time.format.TextStyle;SHORT;java.time.format.TextStyle;true;unknown;false;public
sun.util.locale.provider.LocaleProviderAdapter$Type;CLDR;sun.util.locale.provider.LocaleProviderAdapter$Type;true;unknown;false;public
java.security.CryptoPrimitive;MAC;java.security.CryptoPrimitive;true;unknown;false;public
java.text.NumberFormat$Field;PERMILLE;java.text.NumberFormat$Field;true;unknown;false;public
java.time.chrono.MinguoEra;ROC;java.time.chrono.MinguoEra;true;unknown;false;public
sun.util.logging.PlatformLogger$Level;FINE;sun.util.logging.PlatformLogger$Level;true;unknown;false;public
java.time.temporal.ChronoUnit;SECONDS;java.time.temporal.ChronoUnit;true;unknown;false;public
sun.security.x509.AlgorithmId;sha512WithECDSA_oid;sun.security.util.ObjectIdentifier;true;unknown;false;public
sun.net.ftp.FtpReplyCode;FILE_UNAVAILABLE;sun.net.ftp.FtpReplyCode;true;unknown;false;public
java.time.temporal.ChronoField;EPOCH_DAY;java.time.temporal.ChronoField;true;unknown;false;public
java.time.Instant;EPOCH;java.time.Instant;true;unknown;false;public
java.time.temporal.ChronoField;HOUR_OF_AMPM;java.time.temporal.ChronoField;true;unknown;false;public
java.time.DayOfWeek;THURSDAY;java.time.DayOfWeek;true;unknown;false;public
java.util.ResourceBundle$Control;FORMAT_PROPERTIES;java.util.List<java.lang.String>;true;unknown;false;public
java.net.Authenticator$RequestorType;SERVER;java.net.Authenticator$RequestorType;true;unknown;false;public
java.text.DateFormat$Field;WEEK_OF_MONTH;java.text.DateFormat$Field;true;unknown;false;public
java.time.temporal.ChronoUnit;HALF_DAYS;java.time.temporal.ChronoUnit;true;unknown;false;public
sun.util.locale.LocaleExtensions;NUMBER_THAI;sun.util.locale.LocaleExtensions;true;unknown;false;public
java.net.Proxy$Type;DIRECT;java.net.Proxy$Type;true;unknown;false;public
java.time.Month;OCTOBER;java.time.Month;true;unknown;false;public
java.time.DayOfWeek;FRIDAY;java.time.DayOfWeek;true;unknown;false;public
java.time.temporal.ChronoField;SECOND_OF_MINUTE;java.time.temporal.ChronoField;true;unknown;false;public
sun.net.ftp.FtpReplyCode;SERVICE_CLOSING;sun.net.ftp.FtpReplyCode;true;unknown;false;public
java.util.Locale$IsoCountryCode;PART1_ALPHA3;java.util.Locale$IsoCountryCode;true;unknown;false;public
java.time.format.ResolverStyle;STRICT;java.time.format.ResolverStyle;true;unknown;false;public
sun.net.ftp.FtpReplyCode;FILE_STATUS_OK;sun.net.ftp.FtpReplyCode;true;unknown;false;public
java.time.temporal.ChronoUnit;MICROS;java.time.temporal.ChronoUnit;true;unknown;false;public
sun.security.provider.certpath.OCSPResponse$ResponseStatus;MALFORMED_REQUEST;sun.security.provider.certpath.OCSPResponse$ResponseStatus;true;unknown;false;public
java.time.format.DateTimeFormatter;ISO_WEEK_DATE;java.time.format.DateTimeFormatter;true;unknown;false;public
sun.invoke.util.Wrapper;FLOAT;sun.invoke.util.Wrapper;true;unknown;false;public
java.util.Locale$FilteringMode;IGNORE_EXTENDED_RANGES;java.util.Locale$FilteringMode;true;unknown;false;public
sun.security.x509.X500Name;title_oid;sun.security.util.ObjectIdentifier;true;unknown;false;public
sun.security.x509.AlgorithmId;MD5_oid;sun.security.util.ObjectIdentifier;true;unknown;false;public
sun.nio.cs.US_ASCII;INSTANCE;sun.nio.cs.US_ASCII;true;unknown;false;public
sun.security.x509.X500Name;streetAddress_oid;sun.security.util.ObjectIdentifier;true;unknown;false;public
java.text.DateFormat$Field;DAY_OF_YEAR;java.text.DateFormat$Field;true;unknown;false;public
sun.net.ftp.FtpDirEntry$Permission;USER;sun.net.ftp.FtpDirEntry$Permission;true;unknown;false;public
sun.security.x509.AlgorithmId;sha1WithECDSA_oid;sun.security.util.ObjectIdentifier;true;unknown;false;public
java.lang.module.ModuleDescriptor$Modifier;MANDATED;java.lang.module.ModuleDescriptor$Modifier;true;unknown;false;public
java.lang.invoke.VarHandle$AccessMode;GET_ACQUIRE;java.lang.invoke.VarHandle$AccessMode;true;unknown;false;public
java.lang.invoke.VarHandle$AccessMode;GET_VOLATILE;java.lang.invoke.VarHandle$AccessMode;true;unknown;false;public
java.lang.System;out;java.io.PrintStream;true;unknown;false;public
java.util.jar.Attributes$Name;IMPLEMENTATION_VERSION;java.util.jar.Attributes$Name;true;unknown;false;public
sun.security.validator.ValidatorException;T_UNTRUSTED_CERT;java.lang.Object;true;unknown;false;public
sun.security.x509.X500Name;commonName_oid;sun.security.util.ObjectIdentifier;true;unknown;false;public
java.time.temporal.ChronoField;ERA;java.time.temporal.ChronoField;true;unknown;false;public
java.util.concurrent.TimeUnit;MILLISECONDS;java.util.concurrent.TimeUnit;true;unknown;false;public
java.time.format.FormatStyle;LONG;java.time.format.FormatStyle;true;unknown;false;public
sun.net.ftp.FtpReplyCode;ENTERING_PASSIVE_MODE;sun.net.ftp.FtpReplyCode;true;unknown;false;public
java.time.temporal.ChronoUnit;MINUTES;java.time.temporal.ChronoUnit;true;unknown;false;public
java.time.chrono.JapaneseEra;HEISEI;java.time.chrono.JapaneseEra;true;unknown;false;public
java.lang.Thread$State;TERMINATED;java.lang.Thread$State;true;unknown;false;public
java.time.temporal.ChronoField;NANO_OF_DAY;java.time.temporal.ChronoField;true;unknown;false;public
java.util.ResourceBundle$Control;FORMAT_CLASS;java.util.List<java.lang.String>;true;unknown;false;public
java.time.temporal.ChronoField;MICRO_OF_DAY;java.time.temporal.ChronoField;true;unknown;false;public
sun.net.ftp.FtpReplyCode;ACTION_ABORTED;sun.net.ftp.FtpReplyCode;true;unknown;false;public
jdk.internal.reflect.ConstantPool$Tag;INTERFACEMETHODREF;jdk.internal.reflect.ConstantPool$Tag;true;unknown;false;public
java.security.CryptoPrimitive;KEY_AGREEMENT;java.security.CryptoPrimitive;true;unknown;false;public
java.math.RoundingMode;HALF_EVEN;java.math.RoundingMode;true;unknown;false;public
java.time.temporal.ChronoField;MINUTE_OF_DAY;java.time.temporal.ChronoField;true;unknown;false;public
sun.net.ftp.FtpReplyCode;COMMAND_UNRECOGNIZED;sun.net.ftp.FtpReplyCode;true;unknown;false;public
jdk.internal.org.objectweb.asm.Type;INT_TYPE;jdk.internal.org.objectweb.asm.Type;true;unknown;false;public
java.math.RoundingMode;UP;java.math.RoundingMode;true;unknown;false;public
java.time.temporal.ChronoField;ALIGNED_WEEK_OF_MONTH;java.time.temporal.ChronoField;true;unknown;false;public
java.util.jar.Attributes$Name;EXTENSION_LIST;java.util.jar.Attributes$Name;true;unknown;false;public
sun.net.ftp.FtpReplyCode;CONNECTION_CLOSED;sun.net.ftp.FtpReplyCode;true;unknown;false;public
java.util.concurrent.ForkJoinPool;defaultForkJoinWorkerThreadFactory;java.util.concurrent.ForkJoinPool$ForkJoinWorkerThreadFactory;true;unknown;false;public
sun.net.ftp.FtpReplyCode;NOT_LOGGED_IN;sun.net.ftp.FtpReplyCode;true;unknown;false;public
java.time.Month;JANUARY;java.time.Month;true;unknown;false;public
javax.net.ssl.SSLEngineResult$HandshakeStatus;FINISHED;javax.net.ssl.SSLEngineResult$HandshakeStatus;true;unknown;false;public
java.lang.invoke.VarHandle$AccessMode;GET_AND_BITWISE_AND_RELEASE;java.lang.invoke.VarHandle$AccessMode;true;unknown;false;public
sun.net.ftp.FtpReplyCode;FILE_ACTION_NOT_TAKEN;sun.net.ftp.FtpReplyCode;true;unknown;false;public
java.time.format.DateTimeFormatter;ISO_OFFSET_TIME;java.time.format.DateTimeFormatter;true;unknown;false;public
sun.security.x509.X500Name;INITIALS_OID;sun.security.util.ObjectIdentifier;true;unknown;false;public
java.nio.file.attribute.PosixFilePermission;OTHERS_WRITE;java.nio.file.attribute.PosixFilePermission;true;unknown;false;public
java.lang.invoke.VarHandle$AccessMode;COMPARE_AND_EXCHANGE_ACQUIRE;java.lang.invoke.VarHandle$AccessMode;true;unknown;false;public
java.util.Locale$IsoCountryCode;PART3;java.util.Locale$IsoCountryCode;true;unknown;false;public
java.time.temporal.ChronoUnit;WEEKS;java.time.temporal.ChronoUnit;true;unknown;false;public
jdk.internal.org.objectweb.asm.tree.analysis.BasicValue;DOUBLE_VALUE;jdk.internal.org.objectweb.asm.tree.analysis.BasicValue;true;unknown;false;public
sun.invoke.util.Wrapper;BOOLEAN;sun.invoke.util.Wrapper;true;unknown;false;public
sun.net.ftp.FtpReplyCode;HELP_MESSAGE;sun.net.ftp.FtpReplyCode;true;unknown;false;public
sun.net.ftp.FtpReplyCode;BAD_SEQUENCE;sun.net.ftp.FtpReplyCode;true;unknown;false;public
jdk.internal.reflect.ConstantPool$Tag;METHODTYPE;jdk.internal.reflect.ConstantPool$Tag;true;unknown;false;public
java.time.zone.ZoneOffsetTransitionRule$TimeDefinition;UTC;java.time.zone.ZoneOffsetTransitionRule$TimeDefinition;true;unknown;false;public
java.math.BigInteger;TWO;java.math.BigInteger;true;unknown;false;public
sun.net.ftp.FtpDirEntry$Permission;GROUP;sun.net.ftp.FtpDirEntry$Permission;true;unknown;false;public
java.util.jar.Attributes$Name;SEALED;java.util.jar.Attributes$Name;true;unknown;false;public
sun.security.validator.ValidatorException;T_SIGNATURE_ERROR;java.lang.Object;true;unknown;false;public
sun.net.ftp.FtpReplyCode;CANT_OPEN_DATA_CONNECTION;sun.net.ftp.FtpReplyCode;true;unknown;false;public
java.security.cert.CRLReason;KEY_COMPROMISE;java.security.cert.CRLReason;true;unknown;false;public
java.util.Locale;PRC;java.util.Locale;true;unknown;false;public
sun.invoke.util.Wrapper;CHAR;sun.invoke.util.Wrapper;true;unknown;false;public
java.time.temporal.ChronoField;HOUR_OF_DAY;java.time.temporal.ChronoField;true;unknown;false;public
sun.util.logging.PlatformLogger$Level;CONFIG;sun.util.logging.PlatformLogger$Level;true;unknown;false;public
sun.security.provider.certpath.OCSP$RevocationStatus$CertStatus;REVOKED;sun.security.provider.certpath.OCSP$RevocationStatus$CertStatus;true;unknown;false;public
sun.security.provider.certpath.OCSPResponse$ResponseStatus;INTERNAL_ERROR;sun.security.provider.certpath.OCSPResponse$ResponseStatus;true;unknown;false;public
sun.security.x509.AccessDescription;Ad_CAISSUERS_Id;sun.security.util.ObjectIdentifier;true;unknown;false;public
java.text.AttributedCharacterIterator$Attribute;LANGUAGE;java.text.AttributedCharacterIterator$Attribute;true;unknown;false;public
sun.security.x509.AlgorithmId;sha224WithECDSA_oid;sun.security.util.ObjectIdentifier;true;unknown;false;public
java.security.CryptoPrimitive;SIGNATURE;java.security.CryptoPrimitive;true;unknown;false;public
java.util.Locale;KOREAN;java.util.Locale;true;unknown;false;public
jdk.internal.org.objectweb.asm.Type;VOID_TYPE;jdk.internal.org.objectweb.asm.Type;true;unknown;false;public
java.nio.file.attribute.PosixFilePermission;GROUP_READ;java.nio.file.attribute.PosixFilePermission;true;unknown;false;public
sun.security.provider.certpath.OCSP$RevocationStatus$CertStatus;UNKNOWN;sun.security.provider.certpath.OCSP$RevocationStatus$CertStatus;true;unknown;false;public
sun.security.x509.X500Name;userid_oid;sun.security.util.ObjectIdentifier;true;unknown;false;public
sun.security.x509.AlgorithmId;sha1WithDSA_OIW_oid;sun.security.util.ObjectIdentifier;true;unknown;false;public
